Unnamed: 0,Unnamed: 1,P_norm,24h X_t,24h X_t-1,24h X_t-2,24h X_t-3,24h X_t-4,Xt,Pred_Wind,WindPower,Pred Power
2022/1/22,1:00:00,0.445783133,8.428093,8.317358,8.2534685,8.2294035,8.106733,8.51762182,9.467923282,0.674346693,0.897503429
2022/1/22,2:00:00,0.409638554,8.453943,8.428093,8.317358,8.2534685,8.2294035,8.355955428,9.25024053,0.637132967,0.842714203
2022/1/22,3:00:00,0.397590361,8.362135,8.453943,8.428093,8.317358,8.2534685,8.626411325,9.331912457,0.702253632,0.863068223
2022/1/22,4:00:00,0.385542169,8.18324,8.362135,8.453943,8.428093,8.317358,9.176501756,9.244383734,0.839482486,0.841263923
2022/1/22,5:00:00,0.385542169,7.953359,8.18324,8.362135,8.453943,8.428093,9.628446375,9.163224015,0.961601683,0.821295455
2022/1/22,6:00:00,0.397590361,7.726482,7.953359,8.18324,8.362135,8.453943,9.764875998,9.164699569,0.996541645,0.821656358
2022/1/22,7:00:00,0.421686747,7.537161,7.726482,7.953359,8.18324,8.362135,9.744392575,9.030860971,0.989959765,0.7892435
2022/1/22,8:00:00,0.43373494,7.4156413,7.537161,7.726482,7.953359,8.18324,9.816625309,8.946390946,1.009928688,0.76912238
2022/1/22,9:00:00,0.493975904,7.3705916,7.4156413,7.537161,7.726482,7.953359,10.0593129,8.785384079,1.07796035,0.731489405
2022/1/22,10:00:00,0.481927711,7.3718085,7.3705916,7.4156413,7.537161,7.726482,8.96794424,8.57800138,0.779367048,0.68440763
2022/1/22,11:00:00,0.542168675,7.210929,7.3718085,7.3705916,7.4156413,7.537161,8.957694528,7.656770279,0.769055519,0.494190562
2022/1/22,12:00:00,0.602409639,6.959199,7.210929,7.3718085,7.3705916,7.4156413,9.658332628,7.983547808,0.944006243,0.558127526
2022/1/22,13:00:00,0.530120482,6.772297,6.959199,7.210929,7.3718085,7.3705916,9.562382,8.009106738,0.910672573,0.563292309
2022/1/22,14:00:00,0.397590361,6.5986056,6.772297,6.959199,7.210929,7.3718085,9.061262503,7.531026379,0.774479682,0.470623568
2022/1/22,15:00:00,0.277108434,6.3869915,6.5986056,6.772297,6.959199,7.210929,8.554888544,7.418393289,0.654188634,0.450002614
2022/1/22,16:00:00,0.21686747,6.1486073,6.3869915,6.5986056,6.772297,6.959199,8.221770302,7.187958861,0.577762953,0.409253734
2022/1/22,17:00:00,0.21686747,5.9420404,6.1486073,6.3869915,6.5986056,6.772297,7.977593137,7.054781497,0.524429409,0.386584913
2022/1/22,18:00:00,0.228915663,5.8236237,5.9420404,6.1486073,6.3869915,6.5986056,8.218830888,6.972306256,0.583020529,0.372870173
2022/1/22,19:00:00,0.240963855,5.8518333,5.8236237,5.9420404,6.1486073,6.3869915,9.25181057,7.04976853,0.838887109,0.385744241
2022/1/22,20:00:00,0.265060241,6.066764,5.8518333,5.8236237,5.9420404,6.1486073,9.654198324,7.178606553,0.94938999,0.407640745
2022/1/22,21:00:00,0.301204819,6.350085,6.066764,5.8518333,5.8236237,5.9420404,9.50835823,6.844442587,0.913810372,0.352097462
2022/1/22,22:00:00,0.301204819,6.6050916,6.350085,6.066764,5.8518333,5.8236237,9.305710997,6.895041117,0.863155784,0.360246516
2022/1/22,23:00:00,0.325301205,6.813618,6.6050916,6.350085,6.066764,5.8518333,9.35241727,7.032126737,0.878260604,0.382792999
2022/1/23,0:00:00,0.34939759,6.990412,6.813618,6.6050916,6.350085,6.066764,9.443549443,7.246449887,0.903423013,0.4194139
2022/1/23,1:00:00,0.34939759,7.147138,6.990412,6.813618,6.6050916,6.350085,9.503777075,7.513615542,0.919485362,0.467405795
2022/1/23,2:00:00,0.277108434,7.3075128,7.147138,6.990412,6.813618,6.6050916,9.523847422,7.877600392,0.92499868,0.536972016
2022/1/23,3:00:00,0.204819277,7.4574842,7.3075128,7.147138,6.990412,6.813618,9.447352244,8.047331156,0.905586151,0.571060837
2022/1/23,4:00:00,0.180722892,7.5519724,7.4574842,7.3075128,7.147138,6.990412,9.346431325,8.117080897,0.879952516,0.585373514
2022/1/23,5:00:00,0.156626506,7.5539327,7.5519724,7.4574842,7.3075128,7.147138,9.30897721,8.145629447,0.870027565,0.591282779
2022/1/23,6:00:00,0.156626506,7.4654045,7.5539327,7.5519724,7.4574842,7.3075128,9.011509707,8.187468613,0.788516708,0.599996684
2022/1/23,7:00:00,0.156626506,7.3000736,7.4654045,7.5539327,7.5519724,7.4574842,8.521711392,8.144399221,0.671401155,0.591027523
2022/1/23,8:00:00,0.180722892,7.0720677,7.3000736,7.4654045,7.5539327,7.5519724,8.288238703,8.043721106,0.615789684,0.570324874
2022/1/23,9:00:00,0.21686747,6.817838,7.0720677,7.3000736,7.4654045,7.5539327,8.436936667,7.961769504,0.650778716,0.553745477
2022/1/23,10:00:00,0.253012048,6.5903335,6.817838,7.0720677,7.3000736,7.4654045,8.022501756,7.868611115,0.552120942,0.535195853
2022/1/23,11:00:00,0.289156627,6.474848,6.5903335,6.817838,7.0720677,7.3000736,7.34653772,7.930446613,0.424366704,0.547473226
2022/1/23,12:00:00,0.373493976,6.3627234,6.474848,6.5903335,6.817838,7.0720677,7.292434927,7.214418505,0.410816416,0.413834468
2022/1/23,13:00:00,0.277108434,6.26236,6.3627234,6.474848,6.5903335,6.817838,7.077498597,7.360442546,0.368717432,0.439572917
2022/1/23,14:00:00,0.180722892,6.2431283,6.26236,6.3627234,6.474848,6.5903335,6.62498323,7.349033479,0.30228604,0.437533974
2022/1/23,15:00:00,0.084337349,6.3148403,6.2431283,6.26236,6.3627234,6.474848,6.189046262,7.285164156,0.242997726,0.426207262
2022/1/23,16:00:00,0.012048193,6.4665303,6.3148403,6.2431283,6.26236,6.3627234,5.897887588,7.386679758,0.207769554,0.444279816
2022/1/23,17:00:00,0.012048193,6.6744266,6.4665303,6.3148403,6.2431283,6.26236,5.771041129,7.436793793,0.195988232,0.453339825
2022/1/23,18:00:00,0,6.90686,6.6744266,6.4665303,6.3148403,6.2431283,6.439575781,7.523876098,0.277957296,0.469300758
2022/1/23,19:00:00,0.036144578,7.1316123,6.90686,6.6744266,6.4665303,6.3148403,7.097445594,7.638208538,0.374088378,0.49067549
2022/1/23,20:00:00,0.108433735,7.328122,7.1316123,6.90686,6.6744266,6.4665303,7.370192686,7.797591769,0.425402897,0.521266811
2022/1/23,21:00:00,0.13253012,7.5207214,7.328122,7.1316123,6.90686,6.6744266,7.328635488,8.136929748,0.419503811,0.589478885
2022/1/23,22:00:00,0.180722892,7.7058425,7.5207214,7.328122,7.1316123,6.90686,7.283009814,8.308759628,0.41240443,0.625618362
2022/1/23,23:00:00,0.192771084,7.8796887,7.7058425,7.5207214,7.328122,7.1316123,7.239472767,8.583437393,0.404982563,0.685621774
2022/1/24,0:00:00,0.228915663,8.044747,7.8796887,7.7058425,7.5207214,7.328122,7.290251934,8.817930618,0.414386208,0.739020561
2022/1/24,1:00:00,0.240963855,8.191035,8.044747,7.8796887,7.7058425,7.5207214,7.268756933,8.986613292,0.410588816,0.778671113
2022/1/24,2:00:00,0.204819277,8.286823,8.191035,8.044747,7.8796887,7.7058425,7.326384568,9.079804001,0.42125078,0.801020815
2022/1/24,3:00:00,0.180722892,8.297332,8.286823,8.191035,8.044747,7.8796887,7.470767318,9.112637207,0.447806785,0.808970453
2022/1/24,4:00:00,0.228915663,8.207605,8.297332,8.286823,8.191035,8.044747,7.637278493,9.093510107,0.478446198,0.804334591
2022/1/24,5:00:00,0.21686747,8.028274,8.207605,8.297332,8.286823,8.191035,7.741315674,9.064496322,0.497595228,0.797327906
2022/1/24,6:00:00,0.21686747,7.781451,8.028274,8.207605,8.297332,8.286823,7.748147023,8.970738215,0.499004311,0.774895353
2022/1/24,7:00:00,0.240963855,7.5297275,7.781451,8.028274,8.207605,8.297332,7.761387682,8.973745454,0.50155762,0.775609897
2022/1/24,8:00:00,0.289156627,7.3186216,7.5297275,7.781451,8.028274,8.207605,7.697545038,8.823801743,0.490057033,0.740383225
2022/1/24,9:00:00,0.337349398,7.1289105,7.3186216,7.5297275,7.781451,8.028274,7.624993152,8.490410967,0.477196799,0.664992488
2022/1/24,10:00:00,0.373493976,6.937404,7.1289105,7.3186216,7.5297275,7.781451,6.94107171,8.20669751,0.353634089,0.604022893
2022/1/24,11:00:00,0.409638554,6.7625756,6.937404,7.1289105,7.3186216,7.5297275,6.075570785,8.01046008,0.234161328,0.563566446
2022/1/24,12:00:00,0.493975904,6.6077065,6.7625756,6.937404,7.1289105,7.3186216,6.076144626,7.701781368,0.232538372,0.502766492
2022/1/24,13:00:00,0.457831325,6.4983006,6.6077065,6.7625756,6.937404,7.1289105,5.868205065,7.632260808,0.207989935,0.489551811
2022/1/24,14:00:00,0.385542169,6.457819,6.4983006,6.6077065,6.7625756,6.937404,5.326706732,7.557861468,0.155146424,0.475604694
2022/1/24,15:00:00,0.337349398,6.496776,6.457819,6.4983006,6.6077065,6.7625756,4.740256545,7.530522453,0.10629092,0.47053028
2022/1/24,16:00:00,0.301204819,6.626279,6.496776,6.457819,6.4983006,6.6077065,4.262678404,7.603000929,0.07443135,0.484042624
2022/1/24,17:00:00,0.337349398,6.8529224,6.626279,6.496776,6.457819,6.4983006,4.138549659,7.720404526,0.066275204,0.506336324
2022/1/24,18:00:00,0.397590361,7.1654043,6.8529224,6.626279,6.496776,6.457819,4.555007881,7.879095547,0.094538711,0.537267724
2022/1/24,19:00:00,0.409638554,7.4725966,7.1654043,6.8529224,6.626279,6.496776,5.011185683,7.834023989,0.126695162,0.528389331
2022/1/24,20:00:00,0.445783133,7.724451,7.4725966,7.1654043,6.8529224,6.626279,5.294782216,8.061958363,0.154868571,0.574047667
2022/1/24,21:00:00,0.493975904,7.912516,7.724451,7.4725966,7.1654043,6.8529224,5.1247381,8.267108142,0.138837713,0.616759456
2022/1/24,22:00:00,0.542168675,8.040761,7.912516,7.724451,7.4725966,7.1654043,4.771076455,8.49136147,0.111286396,0.665201675
2022/1/24,23:00:00,0.602409639,8.109572,8.040761,7.912516,7.724451,7.4725966,4.535690765,8.678797638,0.095318455,0.707095657
2022/1/25,0:00:00,0.638554217,8.124093,8.109572,8.040761,7.912516,7.724451,4.027001399,8.840224254,0.06047879,0.744201489
2022/1/25,1:00:00,0.626506024,8.086449,8.124093,8.109572,8.040761,7.912516,4.065840831,8.917024022,0.063134627,0.762187915
2022/1/25,2:00:00,0.626506024,7.9960055,8.086449,8.124093,8.109572,8.040761,4.462155904,8.918830058,0.090321562,0.762613472
2022/1/25,3:00:00,0.614457831,7.825716,7.9960055,8.086449,8.124093,8.109572,5.165640395,8.737949178,0.143471332,0.720582205
2022/1/25,4:00:00,0.602409639,7.5367513,7.825716,7.9960055,8.086449,8.124093,6.197632589,8.440406216,0.252367986,0.654033782
2022/1/25,5:00:00,0.56626506,7.1018543,7.5367513,7.825716,7.9960055,8.086449,7.277167364,8.041306803,0.413208417,0.569832948
2022/1/25,6:00:00,0.56626506,6.5432067,7.1018543,7.5367513,7.825716,7.9960055,8.269680507,7.649487057,0.609554591,0.492809829
2022/1/25,7:00:00,0.56626506,5.9481616,6.5432067,7.1018543,7.5367513,7.825716,8.937415163,7.341530186,0.767620852,0.436195626
2022/1/25,8:00:00,0.614457831,5.4410634,5.9481616,6.5432067,7.1018543,7.5367513,9.317313366,7.092917852,0.869328477,0.393010317
2022/1/25,9:00:00,0.662650602,5.1688614,5.4410634,5.9481616,6.5432067,7.1018543,9.452410917,7.034065633,0.907927906,0.383116797
2022/1/25,10:00:00,0.722891566,5.213354,5.1688614,5.4410634,5.9481616,6.5432067,8.494439856,6.914954288,0.665077578,0.363479158
2022/1/25,11:00:00,0.78313253,5.5227594,5.213354,5.1688614,5.4410634,5.9481616,7.731268161,6.648026534,0.495022555,0.321347324
2022/1/25,12:00:00,0.771084337,5.9078975,5.5227594,5.213354,5.1688614,5.4410634,7.743977503,6.185054304,0.492364758,0.254423958
2022/1/25,13:00:00,0.698795181,6.2482767,5.9078975,5.5227594,5.213354,5.1688614,7.500823252,6.171390807,0.444199078,0.252567442
2022/1/25,14:00:00,0.638554217,6.467797,6.2482767,5.9078975,5.5227594,5.213354,7.01804028,6.101397074,0.355520706,0.243163706
2022/1/25,15:00:00,0.518072289,6.516228,6.467797,6.2482767,5.9078975,5.5227594,6.45119838,6.158178502,0.278224829,0.250778696
2022/1/25,16:00:00,0.481927711,6.410091,6.516228,6.467797,6.2482767,5.9078975,5.932837195,6.359039333,0.211639255,0.278658401
2022/1/25,17:00:00,0.493975904,6.225031,6.410091,6.516228,6.467797,6.2482767,5.454185289,6.580555061,0.166387244,0.3111084
2022/1/25,18:00:00,0.493975904,6.0474334,6.225031,6.410091,6.516228,6.467797,5.160574514,6.754993319,0.139495309,0.337919437
2022/1/25,19:00:00,0.518072289,5.9447527,6.0474334,6.225031,6.410091,6.516228,4.759745859,6.869677144,0.109317012,0.356149915
2022/1/25,20:00:00,0.590361446,5.9417005,5.9447527,6.0474334,6.225031,6.410091,4.770078803,6.856554596,0.110427273,0.354039653
2022/1/25,21:00:00,0.554216867,6.073877,5.9417005,5.9447527,6.0474334,6.225031,4.886159238,7.029064056,0.118631555,0.382281807
2022/1/25,22:00:00,0.578313253,6.3422914,6.073877,5.9417005,5.9447527,6.0474334,5.161161983,7.096300323,0.142458534,0.393582769
2022/1/25,23:00:00,0.590361446,6.7164693,6.3422914,6.073877,5.9417005,5.9447527,5.573395745,7.253255683,0.183175384,0.420604189
2022/1/26,0:00:00,0.554216867,7.141063,6.7164693,6.3422914,6.073877,5.9417005,6.125772231,7.444616833,0.242781993,0.454762387
2022/1/26,1:00:00,0.542168675,7.571655,7.141063,6.7164693,6.3422914,6.073877,6.774403412,7.754600126,0.332609293,0.512924085
2022/1/26,2:00:00,0.493975904,7.944433,7.571655,7.141063,6.7164693,6.3422914,7.483443076,7.986421158,0.453529528,0.558706967
2022/1/26,3:00:00,0.481927711,8.214369,7.944433,7.571655,7.141063,6.7164693,8.5517797,8.303851543,0.67960773,0.624571172
2022/1/26,4:00:00,0.457831325,8.366232,8.214369,7.944433,7.571655,7.141063,9.052121725,8.610914367,0.798854907,0.691775273
2022/1/26,5:00:00,0.445783133,8.421768,8.366232,8.214369,7.944433,7.571655,8.723800758,8.944354727,0.719734296,0.768640551
2022/1/26,6:00:00,0.385542169,8.405548,8.421768,8.366232,8.214369,7.944433,8.657262726,9.183445745,0.703696818,0.826248358
2022/1/26,7:00:00,0.361445783,8.286852,8.405548,8.421768,8.366232,8.214369,8.641451569,9.119955632,0.699124667,0.810747754
2022/1/26,8:00:00,0.421686747,8.025305,8.286852,8.405548,8.421768,8.366232,8.396317421,8.929605246,0.640342623,0.765154898
2022/1/26,9:00:00,0.445783133,7.6536584,8.025305,8.286852,8.405548,8.421768,8.344959758,8.824902183,0.627759865,0.740638773
2022/1/26,10:00:00,0.481927711,7.288781,7.6536584,8.025305,8.286852,8.405548,8.136393929,8.835961037,0.577448512,0.743209339
2022/1/26,11:00:00,0.481927711,7.0611415,7.288781,7.6536584,8.025305,8.286852,7.758754574,8.887447034,0.499077695,0.755235587
2022/1/26,12:00:00,0.481927711,6.8773108,7.0611415,7.288781,7.6536584,8.025305,8.673668267,8.171468934,0.69506534,0.596656881
2022/1/26,13:00:00,0.397590361,6.761849,6.8773108,7.0611415,7.288781,7.6536584,9.103577548,8.322374253,0.791788596,0.628527772
2022/1/26,14:00:00,0.289156627,6.707562,6.761849,6.8773108,7.0611415,7.288781,9.391674692,7.927676604,0.862144188,0.546920265
2022/1/26,15:00:00,0.192771084,6.6926103,6.707562,6.761849,6.8773108,7.0611415,9.564415615,7.784285993,0.904136997,0.518677573
2022/1/26,16:00:00,0.168674699,6.690529,6.6926103,6.707562,6.761849,6.8773108,9.511932836,7.625788846,0.889945985,0.488330555
2022/1/26,17:00:00,0.144578313,6.67009,6.690529,6.6926103,6.707562,6.761849,8.794676506,7.464683526,0.711279278,0.458421557
2022/1/26,18:00:00,0.144578313,6.560985,6.67009,6.690529,6.6926103,6.707562,8.278443191,7.126520996,0.595517905,0.39871583
2022/1/26,19:00:00,0.192771084,6.3883686,6.560985,6.67009,6.690529,6.6926103,9.501952913,7.154855792,0.899411752,0.403558775
2022/1/26,20:00:00,0.228915663,6.362605,6.3883686,6.560985,6.67009,6.690529,10.58079805,7.742804929,1.197075761,0.510646937
2022/1/26,21:00:00,0.228915663,6.5059457,6.362605,6.3883686,6.560985,6.67009,10.73982855,7.562097182,1.243241764,0.476393323
2022/1/26,22:00:00,0.253012048,6.7143207,6.5059457,6.362605,6.3883686,6.560985,10.7614697,7.496155723,1.251340343,0.464190054
2022/1/26,23:00:00,0.277108434,6.9328523,6.7143207,6.5059457,6.362605,6.3883686,10.66936101,7.583590298,1.227708938,0.480405098
2022/1/27,0:00:00,0.253012048,7.1226816,6.9328523,6.7143207,6.5059457,6.362605,10.39606099,7.557006221,1.152508115,0.475445539
2022/1/27,1:00:00,0.277108434,7.240504,7.1226816,6.9328523,6.7143207,6.5059457,10.45940561,7.56890509,1.171207434,0.477662226
2022/1/27,2:00:00,0.253012048,7.2988596,7.240504,7.1226816,6.9328523,6.7143207,10.07312138,7.812309225,1.0617395,0.524138264
2022/1/27,3:00:00,0.277108434,7.2439528,7.2988596,7.240504,7.1226816,6.9328523,10.0456799,7.615986824,1.054459781,0.486483822
2022/1/27,4:00:00,0.253012048,7.090876,7.2439528,7.2988596,7.240504,7.1226816,10.00396832,7.779372661,1.0431218,0.517723093
2022/1/27,5:00:00,0.253012048,6.9060583,7.090876,7.2439528,7.2988596,7.240504,9.853975896,7.847674331,1.00390511,0.531070427
2022/1/27,6:00:00,0.253012048,6.738641,6.9060583,7.090876,7.2439528,7.2988596,9.807238509,7.823616313,0.992231167,0.526349693
2022/1/27,7:00:00,0.265060241,6.59259,6.738641,6.9060583,7.090876,7.2439528,9.718913389,7.683000357,0.969581509,0.499179191
2022/1/27,8:00:00,0.361445783,6.4716234,6.59259,6.738641,6.9060583,7.090876,9.566372396,7.544575264,0.929765757,0.473135233
2022/1/27,9:00:00,0.397590361,6.381282,6.4716234,6.59259,6.738641,6.9060583,9.590417769,7.381602622,0.937107359,0.443367033
2022/1/27,10:00:00,0.43373494,6.3360844,6.381282,6.4716234,6.59259,6.738641,8.003449171,7.29087666,0.543517391,0.427214281
2022/1/27,11:00:00,0.493975904,6.1846557,6.3360844,6.381282,6.4716234,6.59259,7.859406906,6.517670136,0.512915472,0.301714732
2022/1/27,12:00:00,0.530120482,6.0670705,6.1846557,6.3360844,6.381282,6.4716234,8.50169107,7.148409462,0.649203791,0.402454408
2022/1/27,13:00:00,0.457831325,6.0433154,6.0670705,6.1846557,6.3360844,6.381282,8.381090582,6.873558971,0.617752671,0.356775361
2022/1/27,14:00:00,0.397590361,6.0859675,6.0433154,6.0670705,6.1846557,6.3360844,7.89045821,6.859918518,0.508921568,0.354580014
2022/1/27,15:00:00,0.325301205,6.1541104,6.0859675,6.0433154,6.0670705,6.1846557,7.354481194,6.826793201,0.412809739,0.349276901
2022/1/27,16:00:00,0.301204819,6.2356277,6.1541104,6.0859675,6.0433154,6.0670705,7.034860534,6.830117437,0.356153741,0.349807283
2022/1/27,17:00:00,0.301204819,6.34596,6.2356277,6.1541104,6.0859675,6.0433154,6.887692155,6.928742412,0.335679349,0.365725939
2022/1/27,18:00:00,0.325301205,6.506767,6.34596,6.2356277,6.1541104,6.0859675,6.828368165,7.101497391,0.329686345,0.394463137
2022/1/27,19:00:00,0.385542169,6.673917,6.506767,6.34596,6.2356277,6.1541104,6.874052896,7.069711638,0.339858158,0.38909411
2022/1/27,20:00:00,0.409638554,6.7838893,6.673917,6.506767,6.34596,6.2356277,6.662345261,7.072099737,0.31273973,0.389496213
2022/1/27,21:00:00,0.43373494,6.8697042,6.7838893,6.673917,6.506767,6.34596,6.314158184,7.372539674,0.266226499,0.441740001
2022/1/27,22:00:00,0.469879518,6.9587164,6.8697042,6.7838893,6.673917,6.506767,6.100543025,7.477689694,0.237756212,0.460801068
2022/1/27,23:00:00,0.506024096,7.064657,6.9587164,6.8697042,6.7838893,6.673917,6.157134581,7.67814471,0.246080964,0.498253819
2022/1/28,0:00:00,0.518072289,7.201796,7.064657,6.9587164,6.8697042,6.7838893,6.618592643,7.898071154,0.309937895,0.541027749
2022/1/28,1:00:00,0.530120482,7.377685,7.201796,7.064657,6.9587164,6.8697042,7.554718218,8.092662346,0.465253896,0.580342665
2022/1/28,2:00:00,0.506024096,7.6109734,7.377685,7.201796,7.064657,6.9587164,9.005560698,8.395777774,0.785370255,0.644330199
2022/1/28,3:00:00,0.506024096,7.87667,7.6109734,7.377685,7.201796,7.064657,9.91258176,8.541423494,1.029282622,0.676265868
2022/1/28,4:00:00,0.506024096,8.152247,7.87667,7.6109734,7.377685,7.201796,9.905152181,8.814541781,1.02782003,0.738234597
2022/1/28,5:00:00,0.481927711,8.367226,8.152247,7.87667,7.6109734,7.377685,9.728169209,8.841245158,0.981937847,0.744439175
2022/1/28,6:00:00,0.481927711,8.466357,8.367226,8.152247,7.87667,7.6109734,9.671456883,8.950340046,0.968330472,0.770057283
2022/1/28,7:00:00,0.493975904,8.425569,8.466357,8.367226,8.152247,7.87667,9.616746847,8.992436057,0.954868006,0.780058311
2022/1/28,8:00:00,0.578313253,8.255454,8.425569,8.466357,8.367226,8.152247,9.559156828,9.005373121,0.940527845,0.783144817
2022/1/28,9:00:00,0.614457831,8.000147,8.255454,8.425569,8.466357,8.367226,9.418752697,9.027816397,0.903106965,0.788513756
2022/1/28,10:00:00,0.674698795,7.683868,8.000147,8.255454,8.425569,8.466357,7.961921511,8.842321931,0.541928627,0.74468991
2022/1/28,11:00:00,0.698795181,7.3551664,7.683868,8.000147,8.255454,8.425569,7.493449243,8.745277106,0.45054386,0.722261841
2022/1/28,12:00:00,0.746987952,6.946912,7.3551664,7.683868,8.000147,8.255454,7.571734476,8.027733059,0.460062991,0.567071178
2022/1/28,13:00:00,0.662650602,6.5043597,6.946912,7.3551664,7.683868,8.000147,7.623498774,7.919960997,0.465195524,0.545381516
2022/1/28,14:00:00,0.590361446,6.1495676,6.5043597,6.946912,7.3551664,7.683868,7.571077298,7.76820799,0.452664986,0.515557474
2022/1/28,15:00:00,0.493975904,5.912036,6.1495676,6.5043597,6.946912,7.3551664,7.322277247,7.369903642,0.406541002,0.441267328
2022/1/28,16:00:00,0.457831325,5.7739916,5.912036,6.1495676,6.5043597,6.946912,7.053224709,7.081311884,0.358130019,0.391049279
2022/1/28,17:00:00,0.481927711,5.7256184,5.7739916,5.912036,6.1495676,6.5043597,6.647731538,6.827919922,0.302459568,0.349456625
2022/1/28,18:00:00,0.506024096,5.760458,5.7256184,5.7739916,5.912036,6.1495676,6.275237211,6.62593071,0.255310173,0.317975988
2022/1/28,19:00:00,0.602409639,5.889147,5.760458,5.7256184,5.7739916,5.912036,5.859747833,6.603209822,0.208284518,0.314527819
2022/1/28,20:00:00,0.662650602,6.1118255,5.889147,5.760458,5.7256184,5.7739916,5.670794779,6.652113427,0.191045622,0.321972842
2022/1/28,21:00:00,0.722891566,6.438684,6.1118255,5.889147,5.760458,5.7256184,5.57054073,6.905451961,0.181944616,0.361934779
2022/1/28,22:00:00,0.746987952,6.8374915,6.438684,6.1118255,5.889147,5.760458,5.668932818,7.086964574,0.192150063,0.39200379
2022/1/28,23:00:00,0.78313253,7.2309003,6.8374915,6.438684,6.1118255,5.889147,6.131756141,7.241919644,0.243301604,0.418622525
2022/1/29,0:00:00,0.78313253,7.5318356,7.2309003,6.8374915,6.438684,6.1118255,6.697448932,7.385840824,0.321854854,0.444128925
2022/1/29,1:00:00,0.795180723,7.7052116,7.5318356,7.2309003,6.8374915,6.438684,7.26389934,7.635385401,0.413057008,0.490141967
2022/1/29,2:00:00,0.771084337,7.8255057,7.7052116,7.5318356,7.2309003,6.8374915,8.630238716,8.177923386,0.69894468,0.598003074
2022/1/29,3:00:00,0.759036145,8.035772,7.8255057,7.7052116,7.5318356,7.2309003,10.32725906,8.887966678,1.149408831,0.755357459
2022/1/29,4:00:00,0.78313253,8.311274,8.035772,7.8255057,7.7052116,7.5318356,10.45961195,8.993686523,1.186978244,0.780356379
2022/1/29,5:00:00,0.807228916,8.5014925,8.311274,8.035772,7.8255057,7.7052116,10.1343262,8.908469737,1.095793314,0.760173882
2022/1/29,6:00:00,0.795180723,8.548581,8.5014925,8.311274,8.035772,7.8255057,10.043026,9.055225962,1.071269609,0.795095622
2022/1/29,7:00:00,0.843373494,8.451925,8.548581,8.5014925,8.311274,8.035772,10.06039932,9.005338643,1.077659555,0.783136583
2022/1/29,8:00:00,0.879518072,8.253013,8.451925,8.548581,8.5014925,8.311274,10.09454562,9.074159897,1.088641182,0.799658207
2022/1/29,9:00:00,0.927710843,8.013892,8.253013,8.451925,8.548581,8.5014925,10.02906437,9.127159372,1.069783094,0.812499108
2022/1/29,10:00:00,0.951807229,7.783125,8.013892,8.253013,8.451925,8.548581,8.734992154,9.079833666,0.723316873,0.80102798
2022/1/29,11:00:00,0.987951807,7.516323,7.783125,8.013892,8.253013,8.451925,7.688810328,8.640680915,0.486859871,0.698472545
2022/1/29,12:00:00,1,7.0982203,7.516323,7.783125,8.013892,8.253013,8.192492,7.939592407,0.581619516,0.549300933
2022/1/29,13:00:00,0.951807229,6.693905,7.0982203,7.516323,7.783125,8.013892,8.598741764,8.263134596,0.669018453,0.615917618
2022/1/29,14:00:00,0.86746988,6.374806,6.693905,7.0982203,7.516323,7.783125,8.99264814,7.728657017,0.752781118,0.507922263
2022/1/29,15:00:00,0.734939759,6.171147,6.374806,6.693905,7.0982203,7.516323,8.979861873,7.642020489,0.746086122,0.491396343
2022/1/29,16:00:00,0.710843373,6.0410385,6.171147,6.374806,6.693905,7.0982203,8.920213585,7.201711137,0.731408945,0.411631367
2022/1/29,17:00:00,0.710843373,5.961865,6.0410385,6.171147,6.374806,6.693905,8.336449713,6.952625733,0.601017675,0.369634117
2022/1/29,18:00:00,0.722891566,5.880525,5.961865,6.0410385,6.171147,6.374806,8.090331463,6.513343268,0.550928337,0.301073685
2022/1/29,19:00:00,0.759036145,5.837975,5.880525,5.961865,6.0410385,6.171147,7.889352483,6.575388576,0.51800252,0.310331208
2022/1/29,20:00:00,0.807228916,5.870597,5.837975,5.880525,5.961865,6.0410385,7.562622959,6.504532409,0.461530083,0.299770419
2022/1/29,21:00:00,0.831325301,5.989352,5.870597,5.837975,5.880525,5.961865,7.739124111,6.565924591,0.495514622,0.308910066
2022/1/29,22:00:00,0.807228916,6.232897,5.989352,5.870597,5.837975,5.880525,8.50799212,6.875164077,0.66382436,0.357034138
2022/1/29,23:00:00,0.819277108,6.602908,6.232897,5.989352,5.870597,5.837975,9.527502032,7.077366242,0.921464736,0.390383709
2022/1/30,0:00:00,0.807228916,7.0296693,6.602908,6.232897,5.989352,5.870597,10.37670086,7.218030308,1.156671628,0.414461727
2022/1/30,1:00:00,0.807228916,7.443189,7.0296693,6.602908,6.232897,5.989352,10.81403825,7.478413628,1.282944418,0.460933694
2022/1/30,2:00:00,0.771084337,7.8142767,7.443189,7.0296693,6.602908,6.232897,10.92371491,7.845150502,1.314771904,0.530574204
2022/1/30,3:00:00,0.710843373,8.114784,7.8142767,7.443189,7.0296693,6.602908,10.88222926,8.16280685,1.304225152,0.59485263
2022/1/30,4:00:00,0.686746988,8.296428,8.114784,7.8142767,7.443189,7.0296693,10.65247582,8.386556839,1.239328543,0.642334327
2022/1/30,5:00:00,0.638554217,8.343763,8.296428,8.114784,7.8142767,7.443189,10.67685688,8.663603954,1.246774076,0.703652063
2022/1/30,6:00:00,0.638554217,8.282473,8.343763,8.296428,8.114784,7.8142767,10.34526518,8.882580257,1.151996393,0.754094661
2022/1/30,7:00:00,0.626506024,8.078684,8.282473,8.343763,8.296428,8.114784,10.08085223,8.709302688,1.073710645,0.714034898
2022/1/30,8:00:00,0.674698795,7.7581663,8.078684,8.282473,8.343763,8.296428,10.02904115,8.7372783,1.061946076,0.720428531
2022/1/30,9:00:00,0.722891566,7.3999414,7.7581663,8.078684,8.282473,8.343763,10.0464443,8.670505727,1.068893818,0.705215283
2022/1/30,10:00:00,0.795180723,7.076747,7.3999414,7.7581663,8.078684,8.282473,8.714383916,8.515296522,0.715359357,0.670480169
2022/1/30,11:00:00,0.843373494,6.7046514,7.076747,7.3999414,7.7581663,8.078684,6.962685412,7.768584238,0.35474336,0.515630381
2022/1/30,12:00:00,0.843373494,6.1845007,6.7046514,7.076747,7.3999414,7.7581663,6.226388506,7.086453276,0.251776383,0.391917405
2022/1/30,13:00:00,0.78313253,5.619786,6.1845007,6.7046514,7.076747,7.3999414,5.602074028,6.928565822,0.181024784,0.36569712
2022/1/30,14:00:00,0.674698795,5.155271,5.619786,6.1845007,6.7046514,7.076747,4.388140182,6.63480706,0.082232616,0.319328187
2022/1/30,15:00:00,0.56626506,4.8425975,5.155271,5.619786,6.1845007,6.7046514,2.770460116,6.266821917,0.008186516,0.265676124
2022/1/30,16:00:00,0.493975904,4.743291,4.8425975,5.155271,5.619786,6.1845007,1.993479801,6.226380736,0,0.260080524
2022/1/30,17:00:00,0.469879518,4.9349113,4.743291,4.8425975,5.155271,5.619786,2.144689499,6.29455177,0.001536178,0.269547349
2022/1/30,18:00:00,0.445783133,5.376795,4.9349113,4.743291,4.8425975,5.155271,2.294940942,6.168354953,0.003152046,0.252155871
2022/1/30,19:00:00,0.469879518,5.7972584,5.376795,4.9349113,4.743291,4.8425975,2.258383243,5.508431365,0.002780822,0.170654945
2022/1/30,20:00:00,0.506024096,5.97624,5.7972584,5.376795,4.9349113,4.743291,2.230586016,5.246081139,0.002491711,0.142659551
2022/1/30,21:00:00,0.554216867,5.8745236,5.97624,5.7972584,5.376795,4.9349113,2.129748831,5.196769446,0.001405197,0.137677294
2022/1/30,22:00:00,0.578313253,5.591666,5.8745236,5.97624,5.7972584,5.376795,2.061533656,5.37846336,0.000667803,0.156472823
