,,Power,Xt,P,P_norm,24h X_t,24h X_t-1,24h X_t-2,24h X_t-3,24h X_t-4,,1h
2022/1/22,1:00:00,0.674346693,8.51762182,1024.3,0.445783133,8.428093,8.317358,8.2534685,8.2294035,8.106733,,8.921088219
2022/1/22,2:00:00,0.637132967,8.355955428,1024,0.409638554,8.453943,8.428093,8.317358,8.2534685,8.2294035,,8.351918221
2022/1/22,3:00:00,0.702253632,8.626411325,1023.9,0.397590361,8.362135,8.453943,8.428093,8.317358,8.2534685,,8.334478378
2022/1/22,4:00:00,0.839482486,9.176501756,1023.8,0.385542169,8.18324,8.362135,8.453943,8.428093,8.317358,,8.799489021
2022/1/22,5:00:00,0.961601683,9.628446375,1023.8,0.385542169,7.953359,8.18324,8.362135,8.453943,8.428093,,9.455511093
2022/1/22,6:00:00,0.996541645,9.764875998,1023.9,0.397590361,7.726482,7.953359,8.18324,8.362135,8.453943,,9.753307343
2022/1/22,7:00:00,0.989959765,9.744392575,1024.1,0.421686747,7.537161,7.726482,7.953359,8.18324,8.362135,,9.648151398
2022/1/22,8:00:00,1.009928688,9.816625309,1024.2,0.43373494,7.4156413,7.537161,7.726482,7.953359,8.18324,,9.537613869
2022/1/22,9:00:00,1.07796035,10.0593129,1024.7,0.493975904,7.3705916,7.4156413,7.537161,7.726482,7.953359,,9.65982914
2022/1/22,10:00:00,0.779367048,8.96794424,1024.6,0.481927711,7.3718085,7.3705916,7.4156413,7.537161,7.726482,,9.973667145
2022/1/22,11:00:00,0.769055519,8.957694528,1025.1,0.542168675,7.210929,7.3718085,7.3705916,7.4156413,7.537161,,7.851127625
2022/1/22,12:00:00,0.944006243,9.658332628,1025.6,0.602409639,6.959199,7.210929,7.3718085,7.3705916,7.4156413,,9.111311913
2022/1/22,13:00:00,0.910672573,9.562382,1025,0.530120482,6.772297,6.959199,7.210929,7.3718085,7.3705916,,9.721912384
2022/1/22,14:00:00,0.774479682,9.061262503,1023.9,0.397590361,6.5986056,6.772297,6.959199,7.210929,7.3718085,,9.163200378
2022/1/22,15:00:00,0.654188634,8.554888544,1022.9,0.277108434,6.3869915,6.5986056,6.772297,6.959199,7.210929,,8.559609413
2022/1/22,16:00:00,0.577762953,8.221770302,1022.4,0.21686747,6.1486073,6.3869915,6.5986056,6.772297,6.959199,,8.079185486
2022/1/22,17:00:00,0.524429409,7.977593137,1022.4,0.21686747,5.9420404,6.1486073,6.3869915,6.5986056,6.772297,,7.889092445
2022/1/22,18:00:00,0.583020529,8.218830888,1022.5,0.228915663,5.8236237,5.9420404,6.1486073,6.3869915,6.5986056,,7.702606201
2022/1/22,19:00:00,0.838887109,9.25181057,1022.6,0.240963855,5.8518333,5.8236237,5.9420404,6.1486073,6.3869915,,8.300844193
2022/1/22,20:00:00,0.94938999,9.654198324,1022.8,0.265060241,6.066764,5.8518333,5.8236237,5.9420404,6.1486073,,9.791721344
2022/1/22,21:00:00,0.913810372,9.50835823,1023.1,0.301204819,6.350085,6.066764,5.8518333,5.8236237,5.9420404,,9.54059124
2022/1/22,22:00:00,0.863155784,9.305710997,1023.1,0.301204819,6.6050916,6.350085,6.066764,5.8518333,5.8236237,,9.255924225
2022/1/22,23:00:00,0.878260604,9.35241727,1023.3,0.325301205,6.813618,6.6050916,6.350085,6.066764,5.8518333,,9.010796547
2022/1/23,0:00:00,0.903423013,9.443549443,1023.5,0.34939759,6.990412,6.813618,6.6050916,6.350085,6.066764,,9.266438484
2022/1/23,1:00:00,0.919485362,9.503777075,1023.5,0.34939759,7.147138,6.990412,6.813618,6.6050916,6.350085,,9.312548637
2022/1/23,2:00:00,0.92499868,9.523847422,1022.9,0.277108434,7.3075128,7.147138,6.990412,6.813618,6.6050916,,9.39205265
2022/1/23,3:00:00,0.905586151,9.447352244,1022.3,0.204819277,7.4574842,7.3075128,7.147138,6.990412,6.813618,,9.362721443
2022/1/23,4:00:00,0.879952516,9.346431325,1022.1,0.180722892,7.5519724,7.4574842,7.3075128,7.147138,6.990412,,9.225928307
2022/1/23,5:00:00,0.870027565,9.30897721,1021.9,0.156626506,7.5539327,7.5519724,7.4574842,7.3075128,7.147138,,9.123738289
2022/1/23,6:00:00,0.788516708,9.011509707,1021.9,0.156626506,7.4654045,7.5539327,7.5519724,7.4574842,7.3075128,,9.126992226
2022/1/23,7:00:00,0.671401155,8.521711392,1021.9,0.156626506,7.3000736,7.4654045,7.5539327,7.5519724,7.4574842,,8.621823311
2022/1/23,8:00:00,0.615789684,8.288238703,1022.1,0.180722892,7.0720677,7.3000736,7.4654045,7.5539327,7.5519724,,8.106229782
2022/1/23,9:00:00,0.650778716,8.436936667,1022.4,0.21686747,6.817838,7.0720677,7.3000736,7.4654045,7.5539327,,8.072870255
2022/1/23,10:00:00,0.552120942,8.022501756,1022.7,0.253012048,6.5903335,6.817838,7.0720677,7.3000736,7.4654045,,8.429871559
2022/1/23,11:00:00,0.424366704,7.34653772,1023,0.289156627,6.474848,6.5903335,6.817838,7.0720677,7.3000736,,7.593375683
2022/1/23,12:00:00,0.410816416,7.292434927,1023.7,0.373493976,6.3627234,6.474848,6.5903335,6.817838,7.0720677,,6.951487541
2022/1/23,13:00:00,0.368717432,7.077498597,1022.9,0.277108434,6.26236,6.3627234,6.474848,6.5903335,6.817838,,7.269385815
2022/1/23,14:00:00,0.30228604,6.62498323,1022.1,0.180722892,6.2431283,6.26236,6.3627234,6.474848,6.5903335,,6.89004612
2022/1/23,15:00:00,0.242997726,6.189046262,1021.3,0.084337349,6.3148403,6.2431283,6.26236,6.3627234,6.474848,,6.423714638
2022/1/23,16:00:00,0.207769554,5.897887588,1020.7,0.012048193,6.4665303,6.3148403,6.2431283,6.26236,6.3627234,,6.025019646
2022/1/23,17:00:00,0.195988232,5.771041129,1020.7,0.012048193,6.6744266,6.4665303,6.3148403,6.2431283,6.26236,,5.841945648
2022/1/23,18:00:00,0.277957296,6.439575781,1020.6,0,6.90686,6.6744266,6.4665303,6.3148403,6.2431283,,5.827368259
2022/1/23,19:00:00,0.374088378,7.097445594,1020.9,0.036144578,7.1316123,6.90686,6.6744266,6.4665303,6.3148403,,6.938553333
2022/1/23,20:00:00,0.425402897,7.370192686,1021.5,0.108433735,7.328122,7.1316123,6.90686,6.6744266,6.4665303,,7.556679726
2022/1/23,21:00:00,0.419503811,7.328635488,1021.7,0.13253012,7.5207214,7.328122,7.1316123,6.90686,6.6744266,,7.63202858
2022/1/23,22:00:00,0.41240443,7.283009814,1022.1,0.180722892,7.7058425,7.5207214,7.328122,7.1316123,6.90686,,7.400715828
2022/1/23,23:00:00,0.404982563,7.239472767,1022.2,0.192771084,7.8796887,7.7058425,7.5207214,7.328122,7.1316123,,7.357683182
2022/1/24,0:00:00,0.414386208,7.290251934,1022.5,0.228915663,8.044747,7.8796887,7.7058425,7.5207214,7.328122,,7.295867443
2022/1/24,1:00:00,0.410588816,7.268756933,1022.6,0.240963855,8.191035,8.044747,7.8796887,7.7058425,7.5207214,,7.414396763
2022/1/24,2:00:00,0.42125078,7.326384568,1022.3,0.204819277,8.286823,8.191035,8.044747,7.8796887,7.7058425,,7.334227085
2022/1/24,3:00:00,0.447806785,7.470767318,1022.1,0.180722892,8.297332,8.286823,8.191035,8.044747,7.8796887,,7.455169201
2022/1/24,4:00:00,0.478446198,7.637278493,1022.5,0.228915663,8.207605,8.297332,8.286823,8.191035,8.044747,,7.617166519
2022/1/24,5:00:00,0.497595228,7.741315674,1022.4,0.21686747,8.028274,8.207605,8.297332,8.286823,8.191035,,7.780469894
2022/1/24,6:00:00,0.499004311,7.748147023,1022.4,0.21686747,7.781451,8.028274,8.207605,8.297332,8.286823,,7.825651169
2022/1/24,7:00:00,0.50155762,7.761387682,1022.6,0.240963855,7.5297275,7.781451,8.028274,8.207605,8.297332,,7.765573978
2022/1/24,8:00:00,0.490057033,7.697545038,1023,0.289156627,7.3186216,7.5297275,7.781451,8.028274,8.207605,,7.779477596
2022/1/24,9:00:00,0.477196799,7.624993152,1023.4,0.337349398,7.1289105,7.3186216,7.5297275,7.781451,8.028274,,7.651021004
2022/1/24,10:00:00,0.353634089,6.94107171,1023.7,0.373493976,6.937404,7.1289105,7.3186216,7.5297275,7.781451,,7.589065075
2022/1/24,11:00:00,0.234161328,6.075570785,1024,0.409638554,6.7625756,6.937404,7.1289105,7.3186216,7.5297275,,6.543622494
2022/1/24,12:00:00,0.232538372,6.076144626,1024.7,0.493975904,6.6077065,6.7625756,6.937404,7.1289105,7.3186216,,5.714065075
2022/1/24,13:00:00,0.207989935,5.868205065,1024.4,0.457831325,6.4983006,6.6077065,6.7625756,6.937404,7.1289105,,6.153805256
2022/1/24,14:00:00,0.155146424,5.326706732,1023.8,0.385542169,6.457819,6.4983006,6.6077065,6.7625756,6.937404,,5.814852715
2022/1/24,15:00:00,0.10629092,4.740256545,1023.4,0.337349398,6.496776,6.457819,6.4983006,6.6077065,6.7625756,,5.22000742
2022/1/24,16:00:00,0.07443135,4.262678404,1023.1,0.301204819,6.626279,6.496776,6.457819,6.4983006,6.6077065,,4.636303902
2022/1/24,17:00:00,0.066275204,4.138549659,1023.4,0.337349398,6.8529224,6.626279,6.496776,6.457819,6.4983006,,4.232470036
2022/1/24,18:00:00,0.094538711,4.555007881,1023.9,0.397590361,7.1654043,6.8529224,6.626279,6.496776,6.457819,,4.283288002
2022/1/24,19:00:00,0.126695162,5.011185683,1024,0.409638554,7.4725966,7.1654043,6.8529224,6.626279,6.496776,,4.963571072
2022/1/24,20:00:00,0.154868571,5.294782216,1024.3,0.445783133,7.724451,7.4725966,7.1654043,6.8529224,6.626279,,5.506902695
2022/1/24,21:00:00,0.138837713,5.1247381,1024.7,0.493975904,7.912516,7.724451,7.4725966,7.1654043,6.8529224,,5.741148472
2022/1/24,22:00:00,0.111286396,4.771076455,1025.1,0.542168675,8.040761,7.912516,7.724451,7.4725966,7.1654043,,5.35494709
2022/1/24,23:00:00,0.095318455,4.535690765,1025.6,0.602409639,8.109572,8.040761,7.912516,7.724451,7.4725966,,4.907133579
2022/1/25,0:00:00,0.06047879,4.027001399,1025.9,0.638554217,8.124093,8.109572,8.040761,7.912516,7.724451,,4.702744484
2022/1/25,1:00:00,0.063134627,4.065840831,1025.8,0.626506024,8.086449,8.124093,8.109572,8.040761,7.912516,,4.117209911
2022/1/25,2:00:00,0.090321562,4.462155904,1025.8,0.626506024,7.9960055,8.086449,8.124093,8.109572,8.040761,,4.363181114
2022/1/25,3:00:00,0.143471332,5.165640395,1025.7,0.614457831,7.825716,7.9960055,8.086449,8.124093,8.109572,,4.930081367
2022/1/25,4:00:00,0.252367986,6.197632589,1025.6,0.602409639,7.5367513,7.825716,7.9960055,8.086449,8.124093,,5.812977314
2022/1/25,5:00:00,0.413208417,7.277167364,1025.3,0.56626506,7.1018543,7.5367513,7.825716,7.9960055,8.086449,,7.009386063
2022/1/25,6:00:00,0.609554591,8.269680507,1025.3,0.56626506,6.5432067,7.1018543,7.5367513,7.825716,7.9960055,,8.080307961
2022/1/25,7:00:00,0.767620852,8.937415163,1025.3,0.56626506,5.9481616,6.5432067,7.1018543,7.5367513,7.825716,,8.949048996
2022/1/25,8:00:00,0.869328477,9.317313366,1025.7,0.614457831,5.4410634,5.9481616,6.5432067,7.1018543,7.5367513,,9.321853638
2022/1/25,9:00:00,0.907927906,9.452410917,1026.1,0.662650602,5.1688614,5.4410634,5.9481616,6.5432067,7.1018543,,9.48624897
2022/1/25,10:00:00,0.665077578,8.494439856,1026.6,0.722891566,5.213354,5.1688614,5.4410634,5.9481616,6.5432067,,9.433103561
2022/1/25,11:00:00,0.495022555,7.731268161,1027.1,0.78313253,5.5227594,5.213354,5.1688614,5.4410634,5.9481616,,7.759212971
2022/1/25,12:00:00,0.492364758,7.743977503,1027,0.771084337,5.9078975,5.5227594,5.213354,5.1688614,5.4410634,,7.408068657
2022/1/25,13:00:00,0.444199078,7.500823252,1026.4,0.698795181,6.2482767,5.9078975,5.5227594,5.213354,5.1688614,,7.723501682
2022/1/25,14:00:00,0.355520706,7.01804028,1025.9,0.638554217,6.467797,6.2482767,5.9078975,5.5227594,5.213354,,7.282037735
2022/1/25,15:00:00,0.278224829,6.45119838,1024.9,0.518072289,6.516228,6.467797,6.2482767,5.9078975,5.5227594,,6.757194519
2022/1/25,16:00:00,0.211639255,5.932837195,1024.6,0.481927711,6.410091,6.516228,6.467797,6.2482767,5.9078975,,6.144519806
2022/1/25,17:00:00,0.166387244,5.454185289,1024.7,0.493975904,6.225031,6.410091,6.516228,6.467797,6.2482767,,5.67969656
2022/1/25,18:00:00,0.139495309,5.160574514,1024.7,0.493975904,6.0474334,6.225031,6.410091,6.516228,6.467797,,5.246181488
2022/1/25,19:00:00,0.109317012,4.759745859,1024.9,0.518072289,5.9447527,6.0474334,6.225031,6.410091,6.516228,,5.083745956
2022/1/25,20:00:00,0.110427273,4.770078803,1025.5,0.590361446,5.9417005,5.9447527,6.0474334,6.225031,6.410091,,4.680867672
2022/1/25,21:00:00,0.118631555,4.886159238,1025.2,0.554216867,6.073877,5.9417005,5.9447527,6.0474334,6.225031,,4.91750288
2022/1/25,22:00:00,0.142458534,5.161161983,1025.4,0.578313253,6.3422914,6.073877,5.9417005,5.9447527,6.0474334,,5.114581108
2022/1/25,23:00:00,0.183175384,5.573395745,1025.5,0.590361446,6.7164693,6.3422914,6.073877,5.9417005,5.9447527,,5.509578228
2022/1/26,0:00:00,0.242781993,6.125772231,1025.2,0.554216867,7.141063,6.7164693,6.3422914,6.073877,5.9417005,,6.000646114
2022/1/26,1:00:00,0.332609293,6.774403412,1025.1,0.542168675,7.571655,7.141063,6.7164693,6.3422914,6.073877,,6.626182079
2022/1/26,2:00:00,0.453529528,7.483443076,1024.7,0.493975904,7.944433,7.571655,7.141063,6.7164693,6.3422914,,7.309776783
2022/1/26,3:00:00,0.67960773,8.5517797,1024.6,0.481927711,8.214369,7.944433,7.571655,7.141063,6.7164693,,8.023084641
2022/1/26,4:00:00,0.798854907,9.052121725,1024.4,0.457831325,8.366232,8.214369,7.944433,7.571655,7.141063,,9.272509575
2022/1/26,5:00:00,0.719734296,8.723800758,1024.3,0.445783133,8.421768,8.366232,8.214369,7.944433,7.571655,,9.265012741
2022/1/26,6:00:00,0.703696818,8.657262726,1023.8,0.385542169,8.405548,8.421768,8.366232,8.214369,7.944433,,8.491042137
2022/1/26,7:00:00,0.699124667,8.641451569,1023.6,0.361445783,8.286852,8.405548,8.421768,8.366232,8.214369,,8.692890167
2022/1/26,8:00:00,0.640342623,8.396317421,1024.1,0.421686747,8.025305,8.286852,8.405548,8.421768,8.366232,,8.560582161
2022/1/26,9:00:00,0.627759865,8.344959758,1024.3,0.445783133,7.6536584,8.025305,8.286852,8.405548,8.421768,,8.219677925
2022/1/26,10:00:00,0.577448512,8.136393929,1024.6,0.481927711,7.288781,7.6536584,8.025305,8.286852,8.405548,,8.310790062
2022/1/26,11:00:00,0.499077695,7.758754574,1024.6,0.481927711,7.0611415,7.288781,7.6536584,8.025305,8.286852,,7.922681332
2022/1/26,12:00:00,0.69506534,8.673668267,1024.6,0.481927711,6.8773108,7.0611415,7.288781,7.6536584,8.025305,,7.502882004
2022/1/26,13:00:00,0.791788596,9.103577548,1023.9,0.397590361,6.761849,6.8773108,7.0611415,7.288781,7.6536584,,9.252305984
2022/1/26,14:00:00,0.862144188,9.391674692,1023,0.289156627,6.707562,6.761849,6.8773108,7.0611415,7.288781,,9.017059326
2022/1/26,15:00:00,0.904136997,9.564415615,1022.2,0.192771084,6.6926103,6.707562,6.761849,6.8773108,7.0611415,,9.494966507
2022/1/26,16:00:00,0.889945985,9.511932836,1022,0.168674699,6.690529,6.6926103,6.707562,6.761849,6.8773108,,9.393595695
2022/1/26,17:00:00,0.711279278,8.794676506,1021.8,0.144578313,6.67009,6.690529,6.6926103,6.707562,6.761849,,9.277973175
2022/1/26,18:00:00,0.595517905,8.278443191,1021.8,0.144578313,6.560985,6.67009,6.690529,6.6926103,6.707562,,8.096974373
2022/1/26,19:00:00,0.899411752,9.501952913,1022.2,0.192771084,6.3883686,6.560985,6.67009,6.690529,6.6926103,,7.956093788
2022/1/26,20:00:00,1.197075761,10.58079805,1022.5,0.228915663,6.362605,6.3883686,6.560985,6.67009,6.690529,,10.2688694
2022/1/26,21:00:00,1.243241764,10.73982855,1022.5,0.228915663,6.5059457,6.362605,6.3883686,6.560985,6.67009,,10.80170536
2022/1/26,22:00:00,1.251340343,10.7614697,1022.7,0.253012048,6.7143207,6.5059457,6.362605,6.3883686,6.560985,,10.48193932
2022/1/26,23:00:00,1.227708938,10.66936101,1022.9,0.277108434,6.9328523,6.7143207,6.5059457,6.362605,6.3883686,,10.52155495
2022/1/27,0:00:00,1.152508115,10.39606099,1022.7,0.253012048,7.1226816,6.9328523,6.7143207,6.5059457,6.362605,,10.26108551
2022/1/27,1:00:00,1.171207434,10.45940561,1022.9,0.277108434,7.240504,7.1226816,6.9328523,6.7143207,6.5059457,,9.935265541
2022/1/27,2:00:00,1.0617395,10.07312138,1022.7,0.253012048,7.2988596,7.240504,7.1226816,6.9328523,6.7143207,,10.30809593
2022/1/27,3:00:00,1.054459781,10.0456799,1022.9,0.277108434,7.2439528,7.2988596,7.240504,7.1226816,6.9328523,,9.39807415
2022/1/27,4:00:00,1.0431218,10.00396832,1022.7,0.253012048,7.090876,7.2439528,7.2988596,7.240504,7.1226816,,9.959557533
2022/1/27,5:00:00,1.00390511,9.853975896,1022.7,0.253012048,6.9060583,7.090876,7.2439528,7.2988596,7.240504,,9.570375443
2022/1/27,6:00:00,0.992231167,9.807238509,1022.7,0.253012048,6.738641,6.9060583,7.090876,7.2439528,7.2988596,,9.549286842
2022/1/27,7:00:00,0.969581509,9.718913389,1022.8,0.265060241,6.59259,6.738641,6.9060583,7.090876,7.2439528,,9.497509003
2022/1/27,8:00:00,0.929765757,9.566372396,1023.6,0.361445783,6.4716234,6.59259,6.738641,6.9060583,7.090876,,9.391417503
2022/1/27,9:00:00,0.937107359,9.590417769,1023.9,0.397590361,6.381282,6.4716234,6.59259,6.738641,6.9060583,,9.209445
2022/1/27,10:00:00,0.543517391,8.003449171,1024.2,0.43373494,6.3360844,6.381282,6.4716234,6.59259,6.738641,,9.398634911
2022/1/27,11:00:00,0.512915472,7.859406906,1024.7,0.493975904,6.1846557,6.3360844,6.381282,6.4716234,6.59259,,6.626010418
2022/1/27,12:00:00,0.649203791,8.50169107,1025,0.530120482,6.0670705,6.1846557,6.3360844,6.381282,6.4716234,,8.021284103
2022/1/27,13:00:00,0.617752671,8.381090582,1024.4,0.457831325,6.0433154,6.0670705,6.1846557,6.3360844,6.381282,,8.592029572
2022/1/27,14:00:00,0.508921568,7.89045821,1023.9,0.397590361,6.0859675,6.0433154,6.0670705,6.1846557,6.3360844,,8.151088715
2022/1/27,15:00:00,0.412809739,7.354481194,1023.3,0.325301205,6.1541104,6.0859675,6.0433154,6.0670705,6.1846557,,7.538722992
2022/1/27,16:00:00,0.356153741,7.034860534,1023.1,0.301204819,6.2356277,6.1541104,6.0859675,6.0433154,6.0670705,,7.01328516
2022/1/27,17:00:00,0.335679349,6.887692155,1023.1,0.301204819,6.34596,6.2356277,6.1541104,6.0859675,6.0433154,,6.858846188
2022/1/27,18:00:00,0.329686345,6.828368165,1023.3,0.325301205,6.506767,6.34596,6.2356277,6.1541104,6.0859675,,6.821929932
2022/1/27,19:00:00,0.339858158,6.874052896,1023.8,0.385542169,6.673917,6.506767,6.34596,6.2356277,6.1541104,,6.846997738
2022/1/27,20:00:00,0.31273973,6.662345261,1024,0.409638554,6.7838893,6.673917,6.506767,6.34596,6.2356277,,6.973506451
2022/1/27,21:00:00,0.266226499,6.314158184,1024.2,0.43373494,6.8697042,6.7838893,6.673917,6.506767,6.34596,,6.621206284
2022/1/27,22:00:00,0.237756212,6.100543025,1024.5,0.469879518,6.9587164,6.8697042,6.7838893,6.673917,6.506767,,6.254695892
2022/1/27,23:00:00,0.246080964,6.157134581,1024.8,0.506024096,7.064657,6.9587164,6.8697042,6.7838893,6.673917,,6.124956131
2022/1/28,0:00:00,0.309937895,6.618592643,1024.9,0.518072289,7.201796,7.064657,6.9587164,6.8697042,6.7838893,,6.331881523
2022/1/28,1:00:00,0.465253896,7.554718218,1025,0.530120482,7.377685,7.201796,7.064657,6.9587164,6.8697042,,7.016726017
2022/1/28,2:00:00,0.785370255,9.005560698,1024.8,0.506024096,7.6109734,7.377685,7.201796,7.064657,6.9587164,,8.211645126
2022/1/28,3:00:00,1.029282622,9.91258176,1024.8,0.506024096,7.87667,7.6109734,7.377685,7.201796,7.064657,,9.940814972
2022/1/28,4:00:00,1.02782003,9.905152181,1024.8,0.506024096,8.152247,7.87667,7.6109734,7.377685,7.201796,,10.28865623
2022/1/28,5:00:00,0.981937847,9.728169209,1024.6,0.481927711,8.367226,8.152247,7.87667,7.6109734,7.377685,,9.70878315
2022/1/28,6:00:00,0.968330472,9.671456883,1024.6,0.481927711,8.466357,8.367226,8.152247,7.87667,7.6109734,,9.553407669
2022/1/28,7:00:00,0.954868006,9.616746847,1024.7,0.493975904,8.425569,8.466357,8.367226,8.152247,7.87667,,9.521706581
2022/1/28,8:00:00,0.940527845,9.559156828,1025.4,0.578313253,8.255454,8.425569,8.466357,8.367226,8.152247,,9.455024719
2022/1/28,9:00:00,0.903106965,9.418752697,1025.7,0.614457831,8.000147,8.255454,8.425569,8.466357,8.367226,,9.39287281
2022/1/28,10:00:00,0.541928627,7.961921511,1026.2,0.674698795,7.683868,8.000147,8.255454,8.425569,8.466357,,9.170746803
2022/1/28,11:00:00,0.45054386,7.493449243,1026.4,0.698795181,7.3551664,7.683868,8.000147,8.255454,8.425569,,6.845102787
2022/1/28,12:00:00,0.460062991,7.571734476,1026.8,0.746987952,6.946912,7.3551664,7.683868,8.000147,8.255454,,7.380205631
2022/1/28,13:00:00,0.465195524,7.623498774,1026.1,0.662650602,6.5043597,6.946912,7.3551664,7.683868,8.000147,,7.418931961
2022/1/28,14:00:00,0.452664986,7.571077298,1025.5,0.590361446,6.1495676,6.5043597,6.946912,7.3551664,7.683868,,7.596810818
2022/1/28,15:00:00,0.406541002,7.322277247,1024.7,0.493975904,5.912036,6.1495676,6.5043597,6.946912,7.3551664,,7.449412823
2022/1/28,16:00:00,0.358130019,7.053224709,1024.4,0.457831325,5.7739916,5.912036,6.1495676,6.5043597,6.946912,,7.120807648
2022/1/28,17:00:00,0.302459568,6.647731538,1024.6,0.481927711,5.7256184,5.7739916,5.912036,6.1495676,6.5043597,,6.870961189
2022/1/28,18:00:00,0.255310173,6.275237211,1024.8,0.506024096,5.760458,5.7256184,5.7739916,5.912036,6.1495676,,6.410173893
2022/1/28,19:00:00,0.208284518,5.859747833,1025.6,0.602409639,5.889147,5.760458,5.7256184,5.7739916,5.912036,,6.120627403
2022/1/28,20:00:00,0.191045622,5.670794779,1026.1,0.662650602,6.1118255,5.889147,5.760458,5.7256184,5.7739916,,5.71521616
2022/1/28,21:00:00,0.181944616,5.57054073,1026.6,0.722891566,6.438684,6.1118255,5.889147,5.760458,5.7256184,,5.697114944
2022/1/28,22:00:00,0.192150063,5.668932818,1026.8,0.746987952,6.8374915,6.438684,6.1118255,5.889147,5.760458,,5.662610054
2022/1/28,23:00:00,0.243301604,6.131756141,1027.1,0.78313253,7.2309003,6.8374915,6.438684,6.1118255,5.889147,,5.899924278
2022/1/29,0:00:00,0.321854854,6.697448932,1027.1,0.78313253,7.5318356,7.2309003,6.8374915,6.438684,6.1118255,,6.554685116
2022/1/29,1:00:00,0.413057008,7.26389934,1027.2,0.795180723,7.7052116,7.5318356,7.2309003,6.8374915,6.438684,,7.169929028
2022/1/29,2:00:00,0.69894468,8.630238716,1027,0.771084337,7.8255057,7.7052116,7.5318356,7.2309003,6.8374915,,7.725728512
2022/1/29,3:00:00,1.149408831,10.32725906,1026.9,0.759036145,8.035772,7.8255057,7.7052116,7.5318356,7.2309003,,9.561946869
2022/1/29,4:00:00,1.186978244,10.45961195,1027.1,0.78313253,8.311274,8.035772,7.8255057,7.7052116,7.5318356,,11.29935741
2022/1/29,5:00:00,1.095793314,10.1343262,1027.3,0.807228916,8.5014925,8.311274,8.035772,7.8255057,7.7052116,,10.08066177
2022/1/29,6:00:00,1.071269609,10.043026,1027.2,0.795180723,8.548581,8.5014925,8.311274,8.035772,7.8255057,,9.940459251
2022/1/29,7:00:00,1.077659555,10.06039932,1027.6,0.843373494,8.451925,8.548581,8.5014925,8.311274,8.035772,,9.833645821
2022/1/29,8:00:00,1.088641182,10.09454562,1027.9,0.879518072,8.253013,8.451925,8.548581,8.5014925,8.311274,,9.946107864
2022/1/29,9:00:00,1.069783094,10.02906437,1028.3,0.927710843,8.013892,8.253013,8.451925,8.548581,8.5014925,,9.930044174
2022/1/29,10:00:00,0.723316873,8.734992154,1028.5,0.951807229,7.783125,8.013892,8.253013,8.451925,8.548581,,9.782913208
2022/1/29,11:00:00,0.486859871,7.688810328,1028.8,0.987951807,7.516323,7.783125,8.013892,8.253013,8.451925,,7.606904507
2022/1/29,12:00:00,0.581619516,8.192492,1028.9,1,7.0982203,7.516323,7.783125,8.013892,8.253013,,7.153123856
2022/1/29,13:00:00,0.669018453,8.598741764,1028.5,0.951807229,6.693905,7.0982203,7.516323,7.783125,8.013892,,8.407283783
2022/1/29,14:00:00,0.752781118,8.99264814,1027.8,0.86746988,6.374806,6.693905,7.0982203,7.516323,7.783125,,8.557257652
2022/1/29,15:00:00,0.746086122,8.979861873,1026.7,0.734939759,6.171147,6.374806,6.693905,7.0982203,7.516323,,9.107779503
2022/1/29,16:00:00,0.731408945,8.920213585,1026.5,0.710843373,6.0410385,6.171147,6.374806,6.693905,7.0982203,,8.674957275
2022/1/29,17:00:00,0.601017675,8.336449713,1026.5,0.710843373,5.961865,6.0410385,6.171147,6.374806,6.693905,,8.746240616
2022/1/29,18:00:00,0.550928337,8.090331463,1026.6,0.722891566,5.880525,5.961865,6.0410385,6.171147,6.374806,,7.727916241
2022/1/29,19:00:00,0.51800252,7.889352483,1026.9,0.759036145,5.837975,5.880525,5.961865,6.0410385,6.171147,,7.938350677
2022/1/29,20:00:00,0.461530083,7.562622959,1027.3,0.807228916,5.870597,5.837975,5.880525,5.961865,6.0410385,,7.619132519
2022/1/29,21:00:00,0.495514622,7.739124111,1027.5,0.831325301,5.989352,5.870597,5.837975,5.880525,5.961865,,7.34382391
2022/1/29,22:00:00,0.66382436,8.50799212,1027.3,0.807228916,6.232897,5.989352,5.870597,5.837975,5.880525,,7.851116657
2022/1/29,23:00:00,0.921464736,9.527502032,1027.4,0.819277108,6.602908,6.232897,5.989352,5.870597,5.837975,,8.931658745
2022/1/30,0:00:00,1.156671628,10.37670086,1027.3,0.807228916,7.0296693,6.602908,6.232897,5.989352,5.870597,,10.04458809
2022/1/30,1:00:00,1.282944418,10.81403825,1027.3,0.807228916,7.443189,7.0296693,6.602908,6.232897,5.989352,,10.68260098
2022/1/30,2:00:00,1.314771904,10.92371491,1027,0.771084337,7.8142767,7.443189,7.0296693,6.602908,6.232897,,10.78805828
2022/1/30,3:00:00,1.304225152,10.88222926,1026.5,0.710843373,8.114784,7.8142767,7.443189,7.0296693,6.602908,,10.70388412
2022/1/30,4:00:00,1.239328543,10.65247582,1026.3,0.686746988,8.296428,8.114784,7.8142767,7.443189,7.0296693,,10.5867939
2022/1/30,5:00:00,1.246774076,10.67685688,1025.9,0.638554217,8.343763,8.296428,8.114784,7.8142767,7.443189,,10.22550011
2022/1/30,6:00:00,1.151996393,10.34526518,1025.9,0.638554217,8.282473,8.343763,8.296428,8.114784,7.8142767,,10.53104115
2022/1/30,7:00:00,1.073710645,10.08085223,1025.8,0.626506024,8.078684,8.282473,8.343763,8.296428,8.114784,,9.738325119
2022/1/30,8:00:00,1.061946076,10.02904115,1026.2,0.674698795,7.7581663,8.078684,8.282473,8.343763,8.296428,,9.787099838
2022/1/30,9:00:00,1.068893818,10.0464443,1026.6,0.722891566,7.3999414,7.7581663,8.078684,8.282473,8.343763,,9.706595421
2022/1/30,10:00:00,0.715359357,8.714383916,1027.2,0.795180723,7.076747,7.3999414,7.7581663,8.078684,8.282473,,9.801478386
2022/1/30,11:00:00,0.35474336,6.962685412,1027.6,0.843373494,6.7046514,7.076747,7.3999414,7.7581663,8.078684,,7.427690029
2022/1/30,12:00:00,0.251776383,6.226388506,1027.6,0.843373494,6.1845007,6.7046514,7.076747,7.3999414,7.7581663,,5.974625587
2022/1/30,13:00:00,0.181024784,5.602074028,1027.1,0.78313253,5.619786,6.1845007,6.7046514,7.076747,7.3999414,,5.761906147
2022/1/30,14:00:00,0.082232616,4.388140182,1026.2,0.674698795,5.155271,5.619786,6.1845007,6.7046514,7.076747,,5.185196877
2022/1/30,15:00:00,0.008186516,2.770460116,1025.3,0.56626506,4.8425975,5.155271,5.619786,6.1845007,6.7046514,,3.862262249
2022/1/30,16:00:00,0,1.993479801,1024.7,0.493975904,4.743291,4.8425975,5.155271,5.619786,6.1845007,,2.245561361
2022/1/30,17:00:00,0.001536178,2.144689499,1024.5,0.469879518,4.9349113,4.743291,4.8425975,5.155271,5.619786,,1.787647605
2022/1/30,18:00:00,0.003152046,2.294940942,1024.3,0.445783133,5.376795,4.9349113,4.743291,4.8425975,5.155271,,2.315264463
2022/1/30,19:00:00,0.002780822,2.258383243,1024.5,0.469879518,5.7972584,5.376795,4.9349113,4.743291,4.8425975,,2.725168228
2022/1/30,20:00:00,0.002491711,2.230586016,1024.8,0.506024096,5.97624,5.7972584,5.376795,4.9349113,4.743291,,2.781528711
2022/1/30,21:00:00,0.001405197,2.129748831,1025.2,0.554216867,5.8745236,5.97624,5.7972584,5.376795,4.9349113,,2.777189493
2022/1/30,22:00:00,0.000667803,2.061533656,1025.4,0.578313253,5.591666,5.8745236,5.97624,5.7972584,5.376795,,2.665130854
2022/1/30,23:00:00,0.002143725,2.196622801,1025.5,0.590361446,,5.591666,5.8745236,5.97624,5.7972584,,2.599911213
2022/1/31,0:00:00,0.005035815,2.460433107,1025.5,0.590361446,,,5.591666,5.8745236,5.97624,,2.782195568
2022/1/31,1:00:00,0.009852402,2.898248379,1025.6,0.602409639,,,,5.591666,5.8745236,,3.109660149
2022/1/31,2:00:00,0.035886007,3.525760735,1025.8,0.626506024,,,,,5.591666,,3.617724895
2022/1/31,3:00:00,0.074699368,4.235752304,1025.8,0.626506024,,,,,,,4.316430092
2022/1/31,4:00:00,0.122682272,4.93052855,1025.9,0.638554217,,,,,,,5.059187889
2022/1/31,5:00:00,0.180105295,5.533226353,1025.7,0.614457831,,,,,,,5.720441818
2022/1/31,6:00:00,0.271932113,6.330176379,1025.7,0.614457831,,,,,,,6.22625351
2022/1/31,7:00:00,0.372783495,7.041978653,1026,0.65060241,,,,,,,7.03602314
2022/1/31,8:00:00,0.485660531,7.648011739,1026.8,0.746987952,,,,,,,7.636558056
2022/1/31,9:00:00,0.577562921,8.11266179,1027.1,0.78313253,,,,,,,8.129418373
2022/1/31,10:00:00,0.491921876,7.711516292,1028.2,0.915662651,,,,,,,8.446199417
2022/1/31,11:00:00,0.136117555,5.110134384,1028.6,0.963855422,,,,,,,7.491558552
2022/1/31,12:00:00,0.066347206,4.137238853,1028.7,0.975903614,,,,,,,3.974244595
2022/1/31,13:00:00,0.076698332,4.304641927,1028.3,0.927710843,,,,,,,3.828977108
2022/1/31,14:00:00,0.031775942,3.465304026,1027.2,0.795180723,,,,,,,4.325958252
2022/1/31,15:00:00,0.006218036,2.589855715,1026.3,0.686746988,,,,,,,3.357758045
2022/1/31,16:00:00,0.005726693,2.543891703,1025.5,0.590361446,,,,,,,2.538298368
2022/1/31,17:00:00,0.0159676,3.119408656,1025.3,0.56626506,,,,,,,2.685545921
2022/1/31,18:00:00,0.093989732,4.566011028,1025.1,0.542168675,,,,,,,3.535775423
2022/1/31,19:00:00,0.289873213,6.516415042,1025.2,0.554216867,,,,,,,5.430881977
2022/1/31,20:00:00,0.660425698,8.523738359,1025.8,0.626506024,,,,,,,7.784719467
2022/1/31,21:00:00,1.02518515,9.945875293,1026.1,0.662650602,,,,,,,9.831542969
2022/1/31,22:00:00,1.130419485,10.30389024,1026.4,0.698795181,,,,,,,10.70246315
2022/1/31,23:00:00,1.143043509,10.33523728,1026.6,0.722891566,,,,,,,10.25372887
